Дизайн сайта;46;301;2020-01-02;2020-01-15
Опрос покупателей;46;301;2020-02-08;2020-02-21
Опрос покупателей;46;301;2020-03-03;2020-03-18
Разработка CRM;46;301;2020-04-03;2020-04-12
Обслуживание 1С;46;301;2020-05-04;2020-05-16
Обучение сотрудников;46;301;2020-06-05;2020-06-10
Дизайн сайта;46;301;2020-07-03;2020-07-16
Дизайн сайта;46;301;2020-08-08;2020-08-19
Обучение сотрудников;46;301;2020-09-04;2020-09-10
Разработка CRM;46;301;2020-10-09;2020-10-15
Опрос покупателей;46;301;2020-11-05;2020-11-17
Разработка сайта;46;301;2020-12-10;2020-12-20
Разработка CRM;46;302;2020-01-06;2020-01-12
Разработка CRM;46;302;2020-02-04;2020-02-15
Аудит информационной безопасности;46;302;2020-03-05;2020-03-14
Запуск колцентра;46;302;2020-04-10;2020-04-21
Аудит информационной безопасности;46;302;2020-05-01;2020-05-09
Обучение сотрудников;46;302;2020-06-06;2020-06-13
Опрос покупателей;46;302;2020-07-02;2020-07-09
Обслуживание 1С;46;302;2020-08-05;2020-08-11
Аудит информационной безопасности;46;302;2020-09-02;2020-09-10
Дизайн буклетов;46;302;2020-10-05;2020-10-18
Разработка CRM;46;302;2020-11-06;2020-11-17
Запуск колцентра;46;302;2020-12-08;2020-12-16
Опрос покупателей;46;303;2020-01-06;2020-01-15
Проведение исследований;46;303;2020-02-05;2020-02-10
Аудит информационной безопасности;46;303;2020-03-07;2020-03-17
Запуск колцентра;46;303;2020-04-06;2020-04-15
Обучение сотрудников;46;303;2020-05-04;2020-05-12
Модернизация wifi-сети;46;303;2020-06-07;2020-06-18
Модернизация wifi-сети;46;303;2020-07-03;2020-07-14
Разработка сайта;46;303;2020-08-10;2020-08-22
Запуск колцентра;46;303;2020-09-05;2020-09-17
Ребрендинг;46;303;2020-10-02;2020-10-08
Обслуживание 1С;46;303;2020-11-05;2020-11-15
Проведение исследований;46;303;2020-12-05;2020-12-16
Дизайн буклетов;46;304;2020-01-03;2020-01-16
Обучение сотрудников;46;304;2020-02-10;2020-02-22
Модернизация wifi-сети;46;304;2020-03-07;2020-03-15
Аудит информационной безопасности;46;304;2020-04-02;2020-04-12
Разработка сайта;46;304;2020-05-02;2020-05-09
Обучение сотрудников;46;304;2020-06-05;2020-06-14
Обучение сотрудников;46;304;2020-07-04;2020-07-19
Опрос покупателей;46;304;2020-08-08;2020-08-18
Дизайн сайта;46;304;2020-09-04;2020-09-11
Дизайн сайта;46;304;2020-10-06;2020-10-21
Разработка сайта;46;304;2020-11-09;2020-11-18
Модернизация wifi-сети;46;304;2020-12-02;2020-12-14
Разработка CRM;46;305;2020-01-03;2020-01-08
Дизайн буклетов;46;305;2020-02-10;2020-02-15
Аудит информационной безопасности;46;305;2020-03-06;2020-03-12
Аудит информационной безопасности;46;305;2020-04-10;2020-04-25
Аудит информационной безопасности;46;305;2020-05-04;2020-05-11
Обучение сотрудников;46;305;2020-06-10;2020-06-16
Аудит информационной безопасности;46;305;2020-07-09;2020-07-22
Дизайн буклетов;46;305;2020-08-04;2020-08-09
Разработка моб. приложения;46;305;2020-09-04;2020-09-13
Обучение сотрудников;46;305;2020-10-02;2020-10-16
Дизайн буклетов;46;305;2020-11-04;2020-11-11
Обучение сотрудников;46;305;2020-12-10;2020-12-25
Обслуживание 1С;46;306;2020-01-07;2020-01-16
Разработка сайта;46;306;2020-02-10;2020-02-22
Ребрендинг;46;306;2020-03-05;2020-03-12
Ребрендинг;46;306;2020-04-04;2020-04-17
Аудит информационной безопасности;46;306;2020-05-10;2020-05-20
Аудит информационной безопасности;46;306;2020-06-08;2020-06-23
Обучение сотрудников;46;306;2020-07-07;2020-07-15
Проведение исследований;46;306;2020-08-01;2020-08-10
Дизайн сайта;46;306;2020-09-03;2020-09-08
Обучение сотрудников;46;306;2020-10-09;2020-10-20
Разработка моб. приложения;46;306;2020-11-01;2020-11-09
Ребрендинг;46;306;2020-12-10;2020-12-19
Запуск колцентра;46;307;2020-01-07;2020-01-12
Дизайн буклетов;46;307;2020-02-07;2020-02-14
Разработка моб. приложения;46;307;2020-03-03;2020-03-12
Проведение исследований;46;307;2020-04-10;2020-04-16
Разработка CRM;46;307;2020-05-04;2020-05-17
Проведение исследований;46;307;2020-06-01;2020-06-16
Дизайн буклетов;46;307;2020-07-03;2020-07-14
Запуск колцентра;46;307;2020-08-06;2020-08-17
Дизайн буклетов;46;307;2020-09-02;2020-09-11
Обслуживание 1С;46;307;2020-10-07;2020-10-17
Дизайн буклетов;46;307;2020-11-08;2020-11-14
Обучение сотрудников;46;307;2020-12-07;2020-12-14
Разработка моб. приложения;46;308;2020-01-04;2020-01-09
Модернизация wifi-сети;46;308;2020-02-04;2020-02-11
Обслуживание 1С;46;308;2020-03-02;2020-03-16
Опрос покупателей;46;308;2020-04-09;2020-04-21
Опрос покупателей;46;308;2020-05-08;2020-05-23
Обучение сотрудников;46;308;2020-06-03;2020-06-11
Обслуживание 1С;46;308;2020-07-04;2020-07-15
Ребрендинг;46;308;2020-08-05;2020-08-19
Опрос покупателей;46;308;2020-09-03;2020-09-08
Запуск колцентра;46;308;2020-10-03;2020-10-15
Проведение исследований;46;308;2020-11-02;2020-11-16
Обучение сотрудников;46;308;2020-12-03;2020-12-12
Разработка сайта;46;309;2020-01-03;2020-01-09
Обслуживание 1С;46;309;2020-02-10;2020-02-23
Разработка CRM;46;309;2020-03-06;2020-03-12
Запуск колцентра;46;309;2020-04-03;2020-04-15
Разработка сайта;46;309;2020-05-07;2020-05-21
Ребрендинг;46;309;2020-06-05;2020-06-19
Обучение сотрудников;46;309;2020-07-03;2020-07-14
Дизайн сайта;46;309;2020-08-02;2020-08-17
Разработка моб. приложения;46;309;2020-09-06;2020-09-21
Запуск колцентра;46;309;2020-10-08;2020-10-23
Аудит информационной безопасности;46;309;2020-11-03;2020-11-17
Разработка сайта;46;309;2020-12-06;2020-12-14
Разработка CRM;46;310;2020-01-04;2020-01-17
Проведение исследований;46;310;2020-02-04;2020-02-15
Модернизация wifi-сети;46;310;2020-03-06;2020-03-18
Опрос покупателей;46;310;2020-04-09;2020-04-24
Опрос покупателей;46;310;2020-05-03;2020-05-09
Модернизация wifi-сети;46;310;2020-06-01;2020-06-06
Разработка CRM;46;310;2020-07-06;2020-07-14
Разработка сайта;46;310;2020-08-10;2020-08-22
Модернизация wifi-сети;46;310;2020-09-10;2020-09-17
Разработка моб. приложения;46;310;2020-10-07;2020-10-13
Ребрендинг;46;310;2020-11-02;2020-11-08
Запуск колцентра;46;310;2020-12-03;2020-12-17
Разработка сайта;47;311;2020-01-09;2020-01-16
Дизайн сайта;47;311;2020-02-10;2020-02-15
Опрос покупателей;47;311;2020-03-02;2020-03-15
Дизайн сайта;47;311;2020-04-08;2020-04-17
Проведение исследований;47;311;2020-05-05;2020-05-20
Модернизация wifi-сети;47;311;2020-06-06;2020-06-20
Обслуживание 1С;47;311;2020-07-08;2020-07-20
Ребрендинг;47;311;2020-08-06;2020-08-18
Разработка CRM;47;311;2020-09-07;2020-09-18
Дизайн буклетов;47;311;2020-10-04;2020-10-17
Разработка CRM;47;311;2020-11-06;2020-11-16
Модернизация wifi-сети;47;311;2020-12-07;2020-12-22
Проведение исследований;47;312;2020-01-07;2020-01-22
Дизайн сайта;47;312;2020-02-04;2020-02-19
Модернизация wifi-сети;47;312;2020-03-01;2020-03-16
Модернизация wifi-сети;47;312;2020-04-10;2020-04-22
Обучение сотрудников;47;312;2020-05-06;2020-05-16
Ребрендинг;47;312;2020-06-09;2020-06-16
Дизайн сайта;47;312;2020-07-10;2020-07-23
Проведение исследований;47;312;2020-08-06;2020-08-15
Дизайн буклетов;47;312;2020-09-01;2020-09-07
Обучение сотрудников;47;312;2020-10-10;2020-10-21
Обслуживание 1С;47;312;2020-11-09;2020-11-20
Аудит информационной безопасности;47;312;2020-12-09;2020-12-14
Обучение сотрудников;47;313;2020-01-01;2020-01-08
Разработка сайта;47;313;2020-02-10;2020-02-20
Опрос покупателей;47;313;2020-03-07;2020-03-19
Запуск колцентра;47;313;2020-04-07;2020-04-21
Дизайн сайта;47;313;2020-05-01;2020-05-06
Опрос покупателей;47;313;2020-06-10;2020-06-17
Разработка моб. приложения;47;313;2020-07-07;2020-07-12
Запуск колцентра;47;313;2020-08-01;2020-08-07
Опрос покупателей;47;313;2020-09-06;2020-09-13
Проведение исследований;47;313;2020-10-10;2020-10-19
Аудит информационной безопасности;47;313;2020-11-04;2020-11-17
Разработка CRM;47;313;2020-12-04;2020-12-11
Дизайн буклетов;47;314;2020-01-08;2020-01-22
Ребрендинг;47;314;2020-02-07;2020-02-13
Разработка сайта;47;314;2020-03-08;2020-03-19
Модернизация wifi-сети;47;314;2020-04-04;2020-04-11
Аудит информационной безопасности;47;314;2020-05-05;2020-05-15
Опрос покупателей;47;314;2020-06-08;2020-06-20
Обучение сотрудников;47;314;2020-07-04;2020-07-13
Дизайн буклетов;47;314;2020-08-06;2020-08-21
Запуск колцентра;47;314;2020-09-02;2020-09-07
Запуск колцентра;47;314;2020-10-02;2020-10-08
Проведение исследований;47;314;2020-11-07;2020-11-21
Обслуживание 1С;47;314;2020-12-06;2020-12-13
Запуск колцентра;47;315;2020-01-02;2020-01-10
Модернизация wifi-сети;47;315;2020-02-09;2020-02-22
Обучение сотрудников;47;315;2020-03-05;2020-03-13
Обучение сотрудников;47;315;2020-04-03;2020-04-09
Проведение исследований;47;315;2020-05-09;2020-05-18
Обслуживание 1С;47;315;2020-06-06;2020-06-12
Ребрендинг;47;315;2020-07-08;2020-07-15
Дизайн сайта;47;315;2020-08-07;2020-08-20
Обучение сотрудников;47;315;2020-09-06;2020-09-20
Разработка CRM;47;315;2020-10-06;2020-10-17
Разработка сайта;47;315;2020-11-06;2020-11-16
Обслуживание 1С;47;315;2020-12-10;2020-12-24
Запуск колцентра;47;316;2020-01-05;2020-01-18
Обучение сотрудников;47;316;2020-02-02;2020-02-15
Опрос покупателей;47;316;2020-03-01;2020-03-16
Разработка сайта;47;316;2020-04-04;2020-04-13
Обслуживание 1С;47;316;2020-05-04;2020-05-16
Ребрендинг;47;316;2020-06-03;2020-06-11
Обучение сотрудников;47;316;2020-07-03;2020-07-15
Запуск колцентра;47;316;2020-08-07;2020-08-19
Разработка CRM;47;316;2020-09-05;2020-09-10
Обучение сотрудников;47;316;2020-10-07;2020-10-13
Ребрендинг;47;316;2020-11-05;2020-11-14
Обслуживание 1С;47;316;2020-12-09;2020-12-23
Ребрендинг;47;317;2020-01-01;2020-01-15
Запуск колцентра;47;317;2020-02-04;2020-02-16
Разработка сайта;47;317;2020-03-06;2020-03-17
Дизайн буклетов;47;317;2020-04-01;2020-04-15
Обучение сотрудников;47;317;2020-05-04;2020-05-19
Опрос покупателей;47;317;2020-06-05;2020-06-18
Обслуживание 1С;47;317;2020-07-08;2020-07-15
Обслуживание 1С;47;317;2020-08-02;2020-08-16
Дизайн буклетов;47;317;2020-09-10;2020-09-24
Разработка моб. приложения;47;317;2020-10-10;2020-10-15
Обучение сотрудников;47;317;2020-11-01;2020-11-12
Модернизация wifi-сети;47;317;2020-12-04;2020-12-13
Обслуживание 1С;47;318;2020-01-04;2020-01-15
Опрос покупателей;47;318;2020-02-02;2020-02-17
Модернизация wifi-сети;47;318;2020-03-01;2020-03-13
Аудит информационной безопасности;47;318;2020-04-02;2020-04-16
Разработка CRM;47;318;2020-05-07;2020-05-12
Дизайн сайта;47;318;2020-06-03;2020-06-18
Разработка CRM;47;318;2020-07-08;2020-07-22
Ребрендинг;47;318;2020-08-02;2020-08-11
Опрос покупателей;47;318;2020-09-04;2020-09-11
Ребрендинг;47;318;2020-10-10;2020-10-17
Обучение сотрудников;47;318;2020-11-01;2020-11-12
Аудит информационной безопасности;47;318;2020-12-01;2020-12-12
Дизайн сайта;47;319;2020-01-01;2020-01-13
Опрос покупателей;47;319;2020-02-07;2020-02-19
Аудит информационной безопасности;47;319;2020-03-02;2020-03-15
Аудит информационной безопасности;47;319;2020-04-01;2020-04-14
Запуск колцентра;47;319;2020-05-09;2020-05-18
Проведение исследований;47;319;2020-06-09;2020-06-18
Ребрендинг;47;319;2020-07-10;2020-07-24
Модернизация wifi-сети;47;319;2020-08-07;2020-08-20
Ребрендинг;47;319;2020-09-05;2020-09-17
Разработка сайта;47;319;2020-10-06;2020-10-14
Проведение исследований;47;319;2020-11-08;2020-11-17
Запуск колцентра;47;319;2020-12-08;2020-12-23
Проведение исследований;47;320;2020-01-03;2020-01-15
Дизайн сайта;47;320;2020-02-04;2020-02-10
Ребрендинг;47;320;2020-03-02;2020-03-09
Обслуживание 1С;47;320;2020-04-07;2020-04-21
Запуск колцентра;47;320;2020-05-10;2020-05-24
Модернизация wifi-сети;47;320;2020-06-04;2020-06-13
Модернизация wifi-сети;47;320;2020-07-10;2020-07-16
Дизайн буклетов;47;320;2020-08-03;2020-08-15
Ребрендинг;47;320;2020-09-04;2020-09-19
Аудит информационной безопасности;47;320;2020-10-06;2020-10-17
Модернизация wifi-сети;47;320;2020-11-04;2020-11-19
Обучение сотрудников;47;320;2020-12-03;2020-12-12
Дизайн буклетов;48;321;2020-01-10;2020-01-23
Проведение исследований;48;321;2020-02-04;2020-02-15
Ребрендинг;48;321;2020-03-08;2020-03-14
Дизайн сайта;48;321;2020-04-08;2020-04-22
Дизайн буклетов;48;321;2020-05-03;2020-05-12
Обслуживание 1С;48;321;2020-06-06;2020-06-12
Ребрендинг;48;321;2020-07-09;2020-07-24
Дизайн сайта;48;321;2020-08-01;2020-08-10
Запуск колцентра;48;321;2020-09-03;2020-09-14
Проведение исследований;48;321;2020-10-05;2020-10-10
Разработка CRM;48;321;2020-11-02;2020-11-08
Обслуживание 1С;48;321;2020-12-06;2020-12-20
Модернизация wifi-сети;48;322;2020-01-05;2020-01-15
Опрос покупателей;48;322;2020-02-09;2020-02-16
Ребрендинг;48;322;2020-03-02;2020-03-13
Обучение сотрудников;48;322;2020-04-04;2020-04-13
Дизайн буклетов;48;322;2020-05-08;2020-05-20
Разработка CRM;48;322;2020-06-09;2020-06-16
Опрос покупателей;48;322;2020-07-09;2020-07-20
Модернизация wifi-сети;48;322;2020-08-09;2020-08-18
Запуск колцентра;48;322;2020-09-04;2020-09-12
Обслуживание 1С;48;322;2020-10-03;2020-10-11
Дизайн сайта;48;322;2020-11-10;2020-11-25
Обучение сотрудников;48;322;2020-12-04;2020-12-09
Модернизация wifi-сети;48;323;2020-01-10;2020-01-24
Модернизация wifi-сети;48;323;2020-02-01;2020-02-13
Разработка сайта;48;323;2020-03-05;2020-03-11
Аудит информационной безопасности;48;323;2020-04-05;2020-04-12
Разработка CRM;48;323;2020-05-02;2020-05-15
Аудит информационной безопасности;48;323;2020-06-08;2020-06-15
Дизайн буклетов;48;323;2020-07-02;2020-07-17
Обучение сотрудников;48;323;2020-08-03;2020-08-14
Разработка моб. приложения;48;323;2020-09-06;2020-09-12
Дизайн буклетов;48;323;2020-10-08;2020-10-19
Обучение сотрудников;48;323;2020-11-05;2020-11-10
Модернизация wifi-сети;48;323;2020-12-09;2020-12-21
Разработка CRM;48;324;2020-01-10;2020-01-22
Проведение исследований;48;324;2020-02-03;2020-02-08
Запуск колцентра;48;324;2020-03-01;2020-03-11
Обучение сотрудников;48;324;2020-04-03;2020-04-16
Проведение исследований;48;324;2020-05-06;2020-05-11
Дизайн сайта;48;324;2020-06-09;2020-06-24
Разработка сайта;48;324;2020-07-01;2020-07-12
Обслуживание 1С;48;324;2020-08-04;2020-08-12
Разработка CRM;48;324;2020-09-06;2020-09-17
Дизайн сайта;48;324;2020-10-05;2020-10-15
Дизайн сайта;48;324;2020-11-09;2020-11-14
Проведение исследований;48;324;2020-12-06;2020-12-17
Ребрендинг;48;325;2020-01-05;2020-01-15
Ребрендинг;48;325;2020-02-02;2020-02-07
Обучение сотрудников;48;325;2020-03-10;2020-03-18
Обслуживание 1С;48;325;2020-04-03;2020-04-14
Разработка CRM;48;325;2020-05-05;2020-05-18
Разработка CRM;48;325;2020-06-07;2020-06-21
Модернизация wifi-сети;48;325;2020-07-10;2020-07-18
Запуск колцентра;48;325;2020-08-06;2020-08-16
Дизайн буклетов;48;325;2020-09-07;2020-09-15
Проведение исследований;48;325;2020-10-06;2020-10-19
Разработка сайта;48;325;2020-11-03;2020-11-09
Дизайн сайта;48;325;2020-12-09;2020-12-18
Проведение исследований;48;326;2020-01-01;2020-01-15
Опрос покупателей;48;326;2020-02-07;2020-02-21
Обслуживание 1С;48;326;2020-03-09;2020-03-22
Проведение исследований;48;326;2020-04-06;2020-04-12
Разработка моб. приложения;48;326;2020-05-09;2020-05-23
Модернизация wifi-сети;48;326;2020-06-02;2020-06-12
Обслуживание 1С;48;326;2020-07-09;2020-07-19
Разработка CRM;48;326;2020-08-09;2020-08-21
Обучение сотрудников;48;326;2020-09-04;2020-09-12
Дизайн буклетов;48;326;2020-10-03;2020-10-11
Запуск колцентра;48;326;2020-11-03;2020-11-18
Запуск колцентра;48;326;2020-12-04;2020-12-18
Разработка сайта;48;327;2020-01-05;2020-01-18
Обучение сотрудников;48;327;2020-02-03;2020-02-12
Аудит информационной безопасности;48;327;2020-03-03;2020-03-11
Ребрендинг;48;327;2020-04-06;2020-04-11
Разработка сайта;48;327;2020-05-03;2020-05-15
Дизайн сайта;48;327;2020-06-03;2020-06-17
Запуск колцентра;48;327;2020-07-06;2020-07-15
Опрос покупателей;48;327;2020-08-10;2020-08-22
Ребрендинг;48;327;2020-09-02;2020-09-12
Опрос покупателей;48;327;2020-10-07;2020-10-19
Запуск колцентра;48;327;2020-11-10;2020-11-22
Запуск колцентра;48;327;2020-12-07;2020-12-15
Дизайн сайта;48;328;2020-01-05;2020-01-17
Разработка сайта;48;328;2020-02-10;2020-02-22
Проведение исследований;48;328;2020-03-06;2020-03-14
Обучение сотрудников;48;328;2020-04-04;2020-04-13
Дизайн буклетов;48;328;2020-05-07;2020-05-13
Разработка моб. приложения;48;328;2020-06-01;2020-06-07
Обслуживание 1С;48;328;2020-07-04;2020-07-12
Ребрендинг;48;328;2020-08-06;2020-08-16
Проведение исследований;48;328;2020-09-08;2020-09-19
Дизайн буклетов;48;328;2020-10-02;2020-10-16
Проведение исследований;48;328;2020-11-05;2020-11-20
Проведение исследований;48;328;2020-12-02;2020-12-12
Обучение сотрудников;48;329;2020-01-03;2020-01-10
Проведение исследований;48;329;2020-02-01;2020-02-11
Дизайн сайта;48;329;2020-03-09;2020-03-14
Модернизация wifi-сети;48;329;2020-04-03;2020-04-17
Дизайн буклетов;48;329;2020-05-05;2020-05-13
Обучение сотрудников;48;329;2020-06-04;2020-06-09
Обслуживание 1С;48;329;2020-07-09;2020-07-23
Разработка моб. приложения;48;329;2020-08-02;2020-08-10
Разработка сайта;48;329;2020-09-07;2020-09-20
Запуск колцентра;48;329;2020-10-05;2020-10-18
Разработка моб. приложения;48;329;2020-11-06;2020-11-21
Разработка CRM;48;329;2020-12-07;2020-12-16
Обучение сотрудников;48;330;2020-01-09;2020-01-20
Модернизация wifi-сети;48;330;2020-02-06;2020-02-21
Запуск колцентра;48;330;2020-03-02;2020-03-12
Опрос покупателей;48;330;2020-04-08;2020-04-20
Дизайн сайта;48;330;2020-05-04;2020-05-14
Запуск колцентра;48;330;2020-06-01;2020-06-16
Обслуживание 1С;48;330;2020-07-09;2020-07-24
Дизайн сайта;48;330;2020-08-02;2020-08-13
Разработка сайта;48;330;2020-09-09;2020-09-14
Разработка моб. приложения;48;330;2020-10-07;2020-10-14
Разработка сайта;48;330;2020-11-08;2020-11-14
Опрос покупателей;48;330;2020-12-06;2020-12-18
Проведение исследований;48;381;2020-01-10;2020-01-23
Обслуживание 1С;48;381;2020-02-05;2020-02-12
Дизайн буклетов;48;381;2020-03-05;2020-03-15
Дизайн буклетов;48;381;2020-04-09;2020-04-16
Запуск колцентра;48;381;2020-05-09;2020-05-24
Дизайн сайта;48;381;2020-06-03;2020-06-14
Разработка CRM;48;381;2020-07-04;2020-07-13
Запуск колцентра;48;381;2020-08-05;2020-08-13
Дизайн буклетов;48;381;2020-09-07;2020-09-13
Аудит информационной безопасности;48;381;2020-10-08;2020-10-22
Обучение сотрудников;48;381;2020-11-03;2020-11-10
Опрос покупателей;48;381;2020-12-06;2020-12-19
Разработка моб. приложения;48;382;2020-01-07;2020-01-21
Обслуживание 1С;48;382;2020-02-03;2020-02-17
Ребрендинг;48;382;2020-03-01;2020-03-14
Дизайн сайта;48;382;2020-04-07;2020-04-19
Опрос покупателей;48;382;2020-05-06;2020-05-18
Проведение исследований;48;382;2020-06-09;2020-06-15
Аудит информационной безопасности;48;382;2020-07-05;2020-07-17
Запуск колцентра;48;382;2020-08-08;2020-08-18
Разработка моб. приложения;48;382;2020-09-06;2020-09-16
Обслуживание 1С;48;382;2020-10-05;2020-10-11
Разработка CRM;48;382;2020-11-10;2020-11-20
Разработка CRM;48;382;2020-12-08;2020-12-16
Ребрендинг;48;383;2020-01-10;2020-01-21
Обслуживание 1С;48;383;2020-02-04;2020-02-11
Ребрендинг;48;383;2020-03-04;2020-03-10
Модернизация wifi-сети;48;383;2020-04-01;2020-04-10
Разработка CRM;48;383;2020-05-03;2020-05-17
Аудит информационной безопасности;48;383;2020-06-08;2020-06-19
Проведение исследований;48;383;2020-07-10;2020-07-17
Дизайн сайта;48;383;2020-08-04;2020-08-18
Дизайн буклетов;48;383;2020-09-04;2020-09-12
Разработка моб. приложения;48;383;2020-10-07;2020-10-16
Обучение сотрудников;48;383;2020-11-08;2020-11-17
Разработка CRM;48;383;2020-12-02;2020-12-07
Модернизация wifi-сети;48;384;2020-01-05;2020-01-20
Дизайн сайта;48;384;2020-02-01;2020-02-08
Проведение исследований;48;384;2020-03-03;2020-03-12
Модернизация wifi-сети;48;384;2020-04-05;2020-04-17
Разработка сайта;48;384;2020-05-06;2020-05-16
Обслуживание 1С;48;384;2020-06-08;2020-06-13
Запуск колцентра;48;384;2020-07-05;2020-07-11
Ребрендинг;48;384;2020-08-10;2020-08-25
Модернизация wifi-сети;48;384;2020-09-02;2020-09-09
Разработка моб. приложения;48;384;2020-10-02;2020-10-09
Разработка моб. приложения;48;384;2020-11-04;2020-11-13
Обслуживание 1С;48;384;2020-12-10;2020-12-22
Разработка CRM;48;385;2020-01-08;2020-01-23
Модернизация wifi-сети;48;385;2020-02-08;2020-02-14
Опрос покупателей;48;385;2020-03-10;2020-03-21
Ребрендинг;48;385;2020-04-05;2020-04-18
Разработка моб. приложения;48;385;2020-05-01;2020-05-07
Дизайн буклетов;48;385;2020-06-06;2020-06-14
Модернизация wifi-сети;48;385;2020-07-06;2020-07-21
Разработка моб. приложения;48;385;2020-08-02;2020-08-15
Дизайн буклетов;48;385;2020-09-10;2020-09-21
Разработка моб. приложения;48;385;2020-10-07;2020-10-13
Разработка моб. приложения;48;385;2020-11-09;2020-11-17
Запуск колцентра;48;385;2020-12-01;2020-12-06
Запуск колцентра;48;386;2020-01-05;2020-01-19
Модернизация wifi-сети;48;386;2020-02-04;2020-02-13
Обучение сотрудников;48;386;2020-03-02;2020-03-14
Обслуживание 1С;48;386;2020-04-06;2020-04-12
Ребрендинг;48;386;2020-05-06;2020-05-18
Модернизация wifi-сети;48;386;2020-06-10;2020-06-16
Запуск колцентра;48;386;2020-07-02;2020-07-15
Разработка CRM;48;386;2020-08-10;2020-08-18
Дизайн сайта;48;386;2020-09-01;2020-09-15
Проведение исследований;48;386;2020-10-08;2020-10-17
Модернизация wifi-сети;48;386;2020-11-06;2020-11-18
Запуск колцентра;48;386;2020-12-01;2020-12-13
Запуск колцентра;48;387;2020-01-06;2020-01-17
Модернизация wifi-сети;48;387;2020-02-07;2020-02-19
Разработка моб. приложения;48;387;2020-03-09;2020-03-22
Запуск колцентра;48;387;2020-04-10;2020-04-24
Разработка CRM;48;387;2020-05-09;2020-05-17
Запуск колцентра;48;387;2020-06-03;2020-06-17
Обслуживание 1С;48;387;2020-07-06;2020-07-21
Дизайн буклетов;48;387;2020-08-01;2020-08-07
Запуск колцентра;48;387;2020-09-03;2020-09-16
Аудит информационной безопасности;48;387;2020-10-02;2020-10-08
Проведение исследований;48;387;2020-11-02;2020-11-07
Модернизация wifi-сети;48;387;2020-12-10;2020-12-15
Модернизация wifi-сети;48;388;2020-01-10;2020-01-16
Модернизация wifi-сети;48;388;2020-02-07;2020-02-13
Опрос покупателей;48;388;2020-03-08;2020-03-13
Запуск колцентра;48;388;2020-04-07;2020-04-13
Дизайн буклетов;48;388;2020-05-07;2020-05-15
Разработка CRM;48;388;2020-06-09;2020-06-19
Разработка моб. приложения;48;388;2020-07-10;2020-07-15
Опрос покупателей;48;388;2020-08-03;2020-08-13
Разработка сайта;48;388;2020-09-04;2020-09-15
Запуск колцентра;48;388;2020-10-05;2020-10-16
Обучение сотрудников;48;388;2020-11-10;2020-11-23
Разработка моб. приложения;48;388;2020-12-03;2020-12-08
Дизайн буклетов;48;389;2020-01-05;2020-01-18
Модернизация wifi-сети;48;389;2020-02-08;2020-02-19
Ребрендинг;48;389;2020-03-02;2020-03-11
Аудит информационной безопасности;48;389;2020-04-04;2020-04-11
Запуск колцентра;48;389;2020-05-02;2020-05-09
Обслуживание 1С;48;389;2020-06-09;2020-06-14
Ребрендинг;48;389;2020-07-05;2020-07-20
Модернизация wifi-сети;48;389;2020-08-05;2020-08-13
Модернизация wifi-сети;48;389;2020-09-01;2020-09-11
Запуск колцентра;48;389;2020-10-07;2020-10-15
Аудит информационной безопасности;48;389;2020-11-06;2020-11-16
Дизайн буклетов;48;389;2020-12-01;2020-12-12
Разработка сайта;48;390;2020-01-08;2020-01-14
Обслуживание 1С;48;390;2020-02-01;2020-02-12
Аудит информационной безопасности;48;390;2020-03-01;2020-03-11
Опрос покупателей;48;390;2020-04-10;2020-04-24
Разработка сайта;48;390;2020-05-09;2020-05-19
Разработка моб. приложения;48;390;2020-06-07;2020-06-12
Обучение сотрудников;48;390;2020-07-10;2020-07-16
Проведение исследований;48;390;2020-08-10;2020-08-17
Дизайн сайта;48;390;2020-09-03;2020-09-09
Опрос покупателей;48;390;2020-10-05;2020-10-17
Запуск колцентра;48;390;2020-11-02;2020-11-12
Разработка моб. приложения;48;390;2020-12-01;2020-12-16
Запуск колцентра;49;331;2020-01-10;2020-01-15
Запуск колцентра;49;331;2020-02-10;2020-02-21
Дизайн буклетов;49;331;2020-03-06;2020-03-18
Аудит информационной безопасности;49;331;2020-04-04;2020-04-18
Модернизация wifi-сети;49;331;2020-05-02;2020-05-13
Аудит информационной безопасности;49;331;2020-06-09;2020-06-22
Модернизация wifi-сети;49;331;2020-07-07;2020-07-21
Обучение сотрудников;49;331;2020-08-08;2020-08-22
Разработка сайта;49;331;2020-09-01;2020-09-16
Аудит информационной безопасности;49;331;2020-10-03;2020-10-08
Модернизация wifi-сети;49;331;2020-11-01;2020-11-16
Разработка сайта;49;331;2020-12-06;2020-12-12
Дизайн сайта;49;332;2020-01-06;2020-01-18
Обслуживание 1С;49;332;2020-02-06;2020-02-11
Разработка CRM;49;332;2020-03-03;2020-03-18
Модернизация wifi-сети;49;332;2020-04-02;2020-04-07
Разработка CRM;49;332;2020-05-03;2020-05-15
Разработка моб. приложения;49;332;2020-06-04;2020-06-15
Опрос покупателей;49;332;2020-07-10;2020-07-17
Аудит информационной безопасности;49;332;2020-08-02;2020-08-11
Модернизация wifi-сети;49;332;2020-09-03;2020-09-11
Разработка сайта;49;332;2020-10-07;2020-10-18
Проведение исследований;49;332;2020-11-03;2020-11-08
Проведение исследований;49;332;2020-12-09;2020-12-16
Модернизация wifi-сети;49;333;2020-01-06;2020-01-16
Модернизация wifi-сети;49;333;2020-02-05;2020-02-19
Опрос покупателей;49;333;2020-03-04;2020-03-15
Разработка моб. приложения;49;333;2020-04-06;2020-04-21
Дизайн буклетов;49;333;2020-05-04;2020-05-13
Ребрендинг;49;333;2020-06-03;2020-06-17
Запуск колцентра;49;333;2020-07-07;2020-07-19
Разработка CRM;49;333;2020-08-08;2020-08-20
Модернизация wifi-сети;49;333;2020-09-04;2020-09-12
Проведение исследований;49;333;2020-10-04;2020-10-19
Обслуживание 1С;49;333;2020-11-08;2020-11-15
Разработка моб. приложения;49;333;2020-12-08;2020-12-23
Запуск колцентра;49;334;2020-01-03;2020-01-14
Опрос покупателей;49;334;2020-02-05;2020-02-15
Дизайн буклетов;49;334;2020-03-05;2020-03-18
Разработка CRM;49;334;2020-04-08;2020-04-22
Разработка моб. приложения;49;334;2020-05-01;2020-05-15
Опрос покупателей;49;334;2020-06-01;2020-06-14
Проведение исследований;49;334;2020-07-10;2020-07-18
Обучение сотрудников;49;334;2020-08-09;2020-08-22
Аудит информационной безопасности;49;334;2020-09-07;2020-09-16
Проведение исследований;49;334;2020-10-08;2020-10-20
Разработка моб. приложения;49;334;2020-11-04;2020-11-19
Аудит информационной безопасности;49;334;2020-12-06;2020-12-17
Ребрендинг;49;335;2020-01-02;2020-01-15
Модернизация wifi-сети;49;335;2020-02-08;2020-02-17
Разработка сайта;49;335;2020-03-03;2020-03-09
Аудит информационной безопасности;49;335;2020-04-06;2020-04-12
Разработка сайта;49;335;2020-05-09;2020-05-16
Запуск колцентра;49;335;2020-06-06;2020-06-15
Модернизация wifi-сети;49;335;2020-07-01;2020-07-07
Обслуживание 1С;49;335;2020-08-08;2020-08-14
Модернизация wifi-сети;49;335;2020-09-05;2020-09-12
Обслуживание 1С;49;335;2020-10-09;2020-10-22
Разработка моб. приложения;49;335;2020-11-04;2020-11-14
Разработка CRM;49;335;2020-12-01;2020-12-14
Запуск колцентра;49;336;2020-01-02;2020-01-09
Опрос покупателей;49;336;2020-02-02;2020-02-17
Аудит информационной безопасности;49;336;2020-03-06;2020-03-12
Проведение исследований;49;336;2020-04-10;2020-04-17
Аудит информационной безопасности;49;336;2020-05-04;2020-05-11
Обучение сотрудников;49;336;2020-06-02;2020-06-07
Разработка сайта;49;336;2020-07-07;2020-07-17
Обслуживание 1С;49;336;2020-08-09;2020-08-18
Аудит информационной безопасности;49;336;2020-09-10;2020-09-24
Обучение сотрудников;49;336;2020-10-07;2020-10-21
Обучение сотрудников;49;336;2020-11-01;2020-11-16
Аудит информационной безопасности;49;336;2020-12-02;2020-12-13
Ребрендинг;49;337;2020-01-08;2020-01-20
Обслуживание 1С;49;337;2020-02-10;2020-02-17
Обслуживание 1С;49;337;2020-03-08;2020-03-22
Проведение исследований;49;337;2020-04-08;2020-04-21
Проведение исследований;49;337;2020-05-09;2020-05-15
Ребрендинг;49;337;2020-06-02;2020-06-14
Ребрендинг;49;337;2020-07-04;2020-07-09
Ребрендинг;49;337;2020-08-08;2020-08-22
Ребрендинг;49;337;2020-09-01;2020-09-11
Разработка CRM;49;337;2020-10-09;2020-10-23
Проведение исследований;49;337;2020-11-05;2020-11-20
Дизайн буклетов;49;337;2020-12-10;2020-12-23
Запуск колцентра;49;338;2020-01-09;2020-01-23
Дизайн сайта;49;338;2020-02-05;2020-02-12
Дизайн сайта;49;338;2020-03-09;2020-03-20
Модернизация wifi-сети;49;338;2020-04-03;2020-04-13
Модернизация wifi-сети;49;338;2020-05-09;2020-05-19
Проведение исследований;49;338;2020-06-10;2020-06-15
Ребрендинг;49;338;2020-07-08;2020-07-17
Разработка сайта;49;338;2020-08-03;2020-08-09
Разработка моб. приложения;49;338;2020-09-07;2020-09-12
Ребрендинг;49;338;2020-10-10;2020-10-16
Запуск колцентра;49;338;2020-11-04;2020-11-18
Разработка CRM;49;338;2020-12-09;2020-12-22
Обслуживание 1С;49;339;2020-01-05;2020-01-20
Обучение сотрудников;49;339;2020-02-09;2020-02-21
Ребрендинг;49;339;2020-03-05;2020-03-10
Разработка моб. приложения;49;339;2020-04-02;2020-04-14
Обслуживание 1С;49;339;2020-05-07;2020-05-20
Дизайн сайта;49;339;2020-06-03;2020-06-11
Обучение сотрудников;49;339;2020-07-01;2020-07-13
Обучение сотрудников;49;339;2020-08-05;2020-08-16
Дизайн буклетов;49;339;2020-09-05;2020-09-11
Дизайн сайта;49;339;2020-10-07;2020-10-20
Дизайн буклетов;49;339;2020-11-07;2020-11-16
Дизайн сайта;49;339;2020-12-03;2020-12-14
Запуск колцентра;49;340;2020-01-05;2020-01-17
Дизайн буклетов;49;340;2020-02-08;2020-02-19
Аудит информационной безопасности;49;340;2020-03-03;2020-03-17
Дизайн сайта;49;340;2020-04-08;2020-04-19
Обучение сотрудников;49;340;2020-05-06;2020-05-19
Аудит информационной безопасности;49;340;2020-06-01;2020-06-12
Дизайн буклетов;49;340;2020-07-09;2020-07-19
Запуск колцентра;49;340;2020-08-03;2020-08-15
Разработка CRM;49;340;2020-09-10;2020-09-18
Дизайн буклетов;49;340;2020-10-02;2020-10-17
Проведение исследований;49;340;2020-11-04;2020-11-15
Обучение сотрудников;49;340;2020-12-05;2020-12-14
Запуск колцентра;50;341;2020-01-10;2020-01-20
Запуск колцентра;50;341;2020-02-08;2020-02-20
Ребрендинг;50;341;2020-03-01;2020-03-07
Аудит информационной безопасности;50;341;2020-04-09;2020-04-18
Ребрендинг;50;341;2020-05-08;2020-05-14
Проведение исследований;50;341;2020-06-02;2020-06-15
Модернизация wifi-сети;50;341;2020-07-10;2020-07-15
Аудит информационной безопасности;50;341;2020-08-04;2020-08-19
Разработка CRM;50;341;2020-09-05;2020-09-19
Разработка моб. приложения;50;341;2020-10-06;2020-10-19
Обслуживание 1С;50;341;2020-11-10;2020-11-23
Дизайн буклетов;50;341;2020-12-08;2020-12-16
Проведение исследований;50;342;2020-01-10;2020-01-16
Разработка сайта;50;342;2020-02-08;2020-02-21
Разработка сайта;50;342;2020-03-08;2020-03-22
Опрос покупателей;50;342;2020-04-01;2020-04-12
Разработка CRM;50;342;2020-05-04;2020-05-13
Аудит информационной безопасности;50;342;2020-06-09;2020-06-15
Дизайн сайта;50;342;2020-07-07;2020-07-20
Проведение исследований;50;342;2020-08-10;2020-08-25
Дизайн сайта;50;342;2020-09-03;2020-09-15
Запуск колцентра;50;342;2020-10-07;2020-10-18
Аудит информационной безопасности;50;342;2020-11-03;2020-11-08
Дизайн сайта;50;342;2020-12-08;2020-12-23
Ребрендинг;50;343;2020-01-06;2020-01-15
Запуск колцентра;50;343;2020-02-10;2020-02-17
Запуск колцентра;50;343;2020-03-01;2020-03-10
Запуск колцентра;50;343;2020-04-06;2020-04-14
Запуск колцентра;50;343;2020-05-10;2020-05-21
Разработка сайта;50;343;2020-06-09;2020-06-20
Разработка CRM;50;343;2020-07-03;2020-07-10
Опрос покупателей;50;343;2020-08-08;2020-08-18
Обучение сотрудников;50;343;2020-09-03;2020-09-18
Опрос покупателей;50;343;2020-10-10;2020-10-20
Запуск колцентра;50;343;2020-11-09;2020-11-14
Запуск колцентра;50;343;2020-12-03;2020-12-10
Обучение сотрудников;50;344;2020-01-09;2020-01-20
Дизайн буклетов;50;344;2020-02-02;2020-02-07
Дизайн буклетов;50;344;2020-03-07;2020-03-12
Дизайн сайта;50;344;2020-04-07;2020-04-13
Обучение сотрудников;50;344;2020-05-10;2020-05-24
Разработка моб. приложения;50;344;2020-06-09;2020-06-15
Ребрендинг;50;344;2020-07-09;2020-07-21
Дизайн буклетов;50;344;2020-08-03;2020-08-17
Запуск колцентра;50;344;2020-09-10;2020-09-23
Дизайн буклетов;50;344;2020-10-03;2020-10-09
Ребрендинг;50;344;2020-11-07;2020-11-16
Обслуживание 1С;50;344;2020-12-08;2020-12-17
Аудит информационной безопасности;50;345;2020-01-02;2020-01-16
Аудит информационной безопасности;50;345;2020-02-03;2020-02-18
Ребрендинг;50;345;2020-03-09;2020-03-21
Запуск колцентра;50;345;2020-04-04;2020-04-19
Разработка сайта;50;345;2020-05-02;2020-05-16
Запуск колцентра;50;345;2020-06-07;2020-06-20
Дизайн буклетов;50;345;2020-07-05;2020-07-14
Обслуживание 1С;50;345;2020-08-01;2020-08-10
Дизайн сайта;50;345;2020-09-07;2020-09-16
Разработка сайта;50;345;2020-10-08;2020-10-15
Опрос покупателей;50;345;2020-11-05;2020-11-16
Опрос покупателей;50;345;2020-12-09;2020-12-21
Опрос покупателей;50;346;2020-01-07;2020-01-20
Обслуживание 1С;50;346;2020-02-09;2020-02-16
Проведение исследований;50;346;2020-03-09;2020-03-21
Разработка моб. приложения;50;346;2020-04-05;2020-04-16
Разработка CRM;50;346;2020-05-04;2020-05-14
Проведение исследований;50;346;2020-06-10;2020-06-24
Разработка моб. приложения;50;346;2020-07-05;2020-07-19
Ребрендинг;50;346;2020-08-03;2020-08-17
Дизайн сайта;50;346;2020-09-07;2020-09-13
Разработка сайта;50;346;2020-10-05;2020-10-16
Опрос покупателей;50;346;2020-11-06;2020-11-16
Разработка сайта;50;346;2020-12-09;2020-12-17
Разработка CRM;50;347;2020-01-08;2020-01-16
Разработка CRM;50;347;2020-02-08;2020-02-21
Обслуживание 1С;50;347;2020-03-02;2020-03-10
Запуск колцентра;50;347;2020-04-05;2020-04-10
Разработка моб. приложения;50;347;2020-05-07;2020-05-12
Опрос покупателей;50;347;2020-06-03;2020-06-11
Модернизация wifi-сети;50;347;2020-07-09;2020-07-24
Обучение сотрудников;50;347;2020-08-09;2020-08-16
Обслуживание 1С;50;347;2020-09-07;2020-09-19
Проведение исследований;50;347;2020-10-04;2020-10-10
Ребрендинг;50;347;2020-11-05;2020-11-12
Запуск колцентра;50;347;2020-12-06;2020-12-19
Разработка сайта;50;348;2020-01-03;2020-01-14
Разработка CRM;50;348;2020-02-06;2020-02-11
Разработка сайта;50;348;2020-03-03;2020-03-12
Ребрендинг;50;348;2020-04-04;2020-04-12
Дизайн сайта;50;348;2020-05-03;2020-05-13
Ребрендинг;50;348;2020-06-07;2020-06-17
Аудит информационной безопасности;50;348;2020-07-01;2020-07-13
Модернизация wifi-сети;50;348;2020-08-01;2020-08-14
Модернизация wifi-сети;50;348;2020-09-07;2020-09-16
Разработка сайта;50;348;2020-10-02;2020-10-12
Опрос покупателей;50;348;2020-11-03;2020-11-12
Ребрендинг;50;348;2020-12-10;2020-12-22
Ребрендинг;50;349;2020-01-07;2020-01-17
Модернизация wifi-сети;50;349;2020-02-01;2020-02-16
Опрос покупателей;50;349;2020-03-06;2020-03-16
Проведение исследований;50;349;2020-04-10;2020-04-18
Аудит информационной безопасности;50;349;2020-05-04;2020-05-14
Ребрендинг;50;349;2020-06-08;2020-06-19
Опрос покупателей;50;349;2020-07-06;2020-07-14
Разработка моб. приложения;50;349;2020-08-02;2020-08-11
Разработка CRM;50;349;2020-09-01;2020-09-14
Ребрендинг;50;349;2020-10-06;2020-10-13
Проведение исследований;50;349;2020-11-04;2020-11-19
Ребрендинг;50;349;2020-12-10;2020-12-25
Дизайн сайта;50;350;2020-01-02;2020-01-13
Обслуживание 1С;50;350;2020-02-10;2020-02-23
Запуск колцентра;50;350;2020-03-05;2020-03-13
Опрос покупателей;50;350;2020-04-08;2020-04-22
Модернизация wifi-сети;50;350;2020-05-05;2020-05-20
Дизайн буклетов;50;350;2020-06-06;2020-06-12
Проведение исследований;50;350;2020-07-09;2020-07-23
Разработка моб. приложения;50;350;2020-08-06;2020-08-12
Обслуживание 1С;50;350;2020-09-08;2020-09-16
Разработка CRM;50;350;2020-10-03;2020-10-17
Дизайн буклетов;50;350;2020-11-04;2020-11-17
Опрос покупателей;50;350;2020-12-05;2020-12-11
Опрос покупателей;51;351;2020-01-03;2020-01-10
Модернизация wifi-сети;51;351;2020-02-03;2020-02-17
Дизайн буклетов;51;351;2020-03-04;2020-03-17
Ребрендинг;51;351;2020-04-04;2020-04-16
Разработка моб. приложения;51;351;2020-05-06;2020-05-12
Аудит информационной безопасности;51;351;2020-06-09;2020-06-21
Дизайн буклетов;51;351;2020-07-02;2020-07-16
Ребрендинг;51;351;2020-08-06;2020-08-16
Разработка CRM;51;351;2020-09-09;2020-09-23
Обучение сотрудников;51;351;2020-10-03;2020-10-12
Разработка сайта;51;351;2020-11-01;2020-11-14
Модернизация wifi-сети;51;351;2020-12-05;2020-12-18
Разработка CRM;51;352;2020-01-10;2020-01-23
Аудит информационной безопасности;51;352;2020-02-02;2020-02-16
Обслуживание 1С;51;352;2020-03-01;2020-03-09
Опрос покупателей;51;352;2020-04-01;2020-04-08
Разработка моб. приложения;51;352;2020-05-03;2020-05-18
Дизайн буклетов;51;352;2020-06-08;2020-06-22
Обучение сотрудников;51;352;2020-07-03;2020-07-15
Опрос покупателей;51;352;2020-08-06;2020-08-21
Разработка сайта;51;352;2020-09-02;2020-09-17
Ребрендинг;51;352;2020-10-09;2020-10-17
Ребрендинг;51;352;2020-11-07;2020-11-17
Дизайн буклетов;51;352;2020-12-06;2020-12-18
Дизайн сайта;51;353;2020-01-09;2020-01-20
Обучение сотрудников;51;353;2020-02-07;2020-02-14
Обслуживание 1С;51;353;2020-03-06;2020-03-16
Разработка моб. приложения;51;353;2020-04-05;2020-04-12
Разработка моб. приложения;51;353;2020-05-08;2020-05-16
Разработка CRM;51;353;2020-06-05;2020-06-16
Разработка моб. приложения;51;353;2020-07-10;2020-07-21
Модернизация wifi-сети;51;353;2020-08-06;2020-08-21
Запуск колцентра;51;353;2020-09-04;2020-09-12
Модернизация wifi-сети;51;353;2020-10-05;2020-10-10
Проведение исследований;51;353;2020-11-07;2020-11-18
Ребрендинг;51;353;2020-12-09;2020-12-15
Модернизация wifi-сети;51;354;2020-01-02;2020-01-07
Обучение сотрудников;51;354;2020-02-01;2020-02-11
Обслуживание 1С;51;354;2020-03-05;2020-03-20
Аудит информационной безопасности;51;354;2020-04-04;2020-04-17
Разработка сайта;51;354;2020-05-02;2020-05-17
Обслуживание 1С;51;354;2020-06-02;2020-06-14
Разработка CRM;51;354;2020-07-07;2020-07-22
Дизайн сайта;51;354;2020-08-03;2020-08-11
Аудит информационной безопасности;51;354;2020-09-04;2020-09-13
Обучение сотрудников;51;354;2020-10-10;2020-10-17
Обучение сотрудников;51;354;2020-11-08;2020-11-20
Опрос покупателей;51;354;2020-12-09;2020-12-14
Разработка CRM;51;355;2020-01-10;2020-01-25
Ребрендинг;51;355;2020-02-04;2020-02-16
Запуск колцентра;51;355;2020-03-10;2020-03-24
Разработка сайта;51;355;2020-04-07;2020-04-15
Модернизация wifi-сети;51;355;2020-05-09;2020-05-15
Обслуживание 1С;51;355;2020-06-05;2020-06-13
Проведение исследований;51;355;2020-07-04;2020-07-14
Разработка CRM;51;355;2020-08-06;2020-08-16
Ребрендинг;51;355;2020-09-04;2020-09-09
Проведение исследований;51;355;2020-10-04;2020-10-10
Опрос покупателей;51;355;2020-11-07;2020-11-17
Разработка моб. приложения;51;355;2020-12-06;2020-12-20
Обслуживание 1С;51;356;2020-01-04;2020-01-14
Обучение сотрудников;51;356;2020-02-03;2020-02-12
Дизайн сайта;51;356;2020-03-05;2020-03-18
Модернизация wifi-сети;51;356;2020-04-08;2020-04-20
Модернизация wifi-сети;51;356;2020-05-09;2020-05-21
Ребрендинг;51;356;2020-06-04;2020-06-16
Дизайн буклетов;51;356;2020-07-10;2020-07-15
Разработка сайта;51;356;2020-08-05;2020-08-15
Обслуживание 1С;51;356;2020-09-01;2020-09-13
Разработка CRM;51;356;2020-10-10;2020-10-18
Модернизация wifi-сети;51;356;2020-11-04;2020-11-16
Проведение исследований;51;356;2020-12-04;2020-12-09
Аудит информационной безопасности;51;357;2020-01-08;2020-01-19
Ребрендинг;51;357;2020-02-07;2020-02-17
Ребрендинг;51;357;2020-03-04;2020-03-11
Обучение сотрудников;51;357;2020-04-02;2020-04-07
Разработка моб. приложения;51;357;2020-05-01;2020-05-08
Модернизация wifi-сети;51;357;2020-06-05;2020-06-12
Разработка сайта;51;357;2020-07-02;2020-07-15
Аудит информационной безопасности;51;357;2020-08-08;2020-08-18
Модернизация wifi-сети;51;357;2020-09-03;2020-09-11
Дизайн сайта;51;357;2020-10-04;2020-10-10
Опрос покупателей;51;357;2020-11-04;2020-11-11
Модернизация wifi-сети;51;357;2020-12-10;2020-12-18
Опрос покупателей;51;358;2020-01-07;2020-01-22
Дизайн сайта;51;358;2020-02-04;2020-02-10
Дизайн буклетов;51;358;2020-03-03;2020-03-16
Дизайн сайта;51;358;2020-04-03;2020-04-18
Обучение сотрудников;51;358;2020-05-04;2020-05-16
Проведение исследований;51;358;2020-06-01;2020-06-16
Аудит информационной безопасности;51;358;2020-07-10;2020-07-23
Дизайн сайта;51;358;2020-08-07;2020-08-19
Дизайн сайта;51;358;2020-09-02;2020-09-08
Проведение исследований;51;358;2020-10-01;2020-10-12
Запуск колцентра;51;358;2020-11-07;2020-11-21
Дизайн сайта;51;358;2020-12-04;2020-12-15
Разработка моб. приложения;51;359;2020-01-02;2020-01-14
Разработка моб. приложения;51;359;2020-02-03;2020-02-18
Дизайн сайта;51;359;2020-03-10;2020-03-19
Ребрендинг;51;359;2020-04-02;2020-04-09
Разработка CRM;51;359;2020-05-04;2020-05-11
Опрос покупателей;51;359;2020-06-04;2020-06-16
Проведение исследований;51;359;2020-07-09;2020-07-18
Дизайн буклетов;51;359;2020-08-06;2020-08-18
Ребрендинг;51;359;2020-09-06;2020-09-20
Разработка сайта;51;359;2020-10-02;2020-10-16
Проведение исследований;51;359;2020-11-01;2020-11-11
Проведение исследований;51;359;2020-12-02;2020-12-07
Проведение исследований;51;360;2020-01-02;2020-01-11
Разработка CRM;51;360;2020-02-03;2020-02-09
Проведение исследований;51;360;2020-03-03;2020-03-17
Аудит информационной безопасности;51;360;2020-04-07;2020-04-13
Обучение сотрудников;51;360;2020-05-05;2020-05-14
Опрос покупателей;51;360;2020-06-07;2020-06-19
Разработка сайта;51;360;2020-07-10;2020-07-17
Разработка моб. приложения;51;360;2020-08-06;2020-08-13
Дизайн буклетов;51;360;2020-09-07;2020-09-12
Запуск колцентра;51;360;2020-10-03;2020-10-14
Дизайн буклетов;51;360;2020-11-02;2020-11-16
Запуск колцентра;51;360;2020-12-06;2020-12-13
Разработка CRM;52;361;2020-01-06;2020-01-16
Обучение сотрудников;52;361;2020-02-01;2020-02-10
Разработка моб. приложения;52;361;2020-03-09;2020-03-15
Модернизация wifi-сети;52;361;2020-04-02;2020-04-12
Запуск колцентра;52;361;2020-05-04;2020-05-18
Дизайн сайта;52;361;2020-06-01;2020-06-06
Дизайн буклетов;52;361;2020-07-02;2020-07-13
Дизайн сайта;52;361;2020-08-07;2020-08-18
Модернизация wifi-сети;52;361;2020-09-08;2020-09-22
Опрос покупателей;52;361;2020-10-02;2020-10-14
Модернизация wifi-сети;52;361;2020-11-04;2020-11-15
Опрос покупателей;52;361;2020-12-02;2020-12-16
Разработка CRM;52;362;2020-01-06;2020-01-16
Обучение сотрудников;52;362;2020-02-04;2020-02-17
Ребрендинг;52;362;2020-03-03;2020-03-14
Аудит информационной безопасности;52;362;2020-04-02;2020-04-17
Дизайн сайта;52;362;2020-05-09;2020-05-19
Дизайн буклетов;52;362;2020-06-07;2020-06-17
Разработка сайта;52;362;2020-07-05;2020-07-13
Аудит информационной безопасности;52;362;2020-08-03;2020-08-09
Разработка моб. приложения;52;362;2020-09-01;2020-09-14
Обслуживание 1С;52;362;2020-10-04;2020-10-10
Разработка моб. приложения;52;362;2020-11-06;2020-11-12
Модернизация wifi-сети;52;362;2020-12-01;2020-12-07
Модернизация wifi-сети;52;363;2020-01-02;2020-01-12
Разработка моб. приложения;52;363;2020-02-03;2020-02-14
Дизайн буклетов;52;363;2020-03-02;2020-03-17
Разработка моб. приложения;52;363;2020-04-06;2020-04-21
Дизайн сайта;52;363;2020-05-02;2020-05-13
Модернизация wifi-сети;52;363;2020-06-08;2020-06-14
Проведение исследований;52;363;2020-07-09;2020-07-20
Ребрендинг;52;363;2020-08-10;2020-08-25
Проведение исследований;52;363;2020-09-07;2020-09-16
Модернизация wifi-сети;52;363;2020-10-01;2020-10-09
Аудит информационной безопасности;52;363;2020-11-10;2020-11-16
Разработка CRM;52;363;2020-12-10;2020-12-22
Дизайн сайта;52;364;2020-01-05;2020-01-20
Модернизация wifi-сети;52;364;2020-02-06;2020-02-13
Обучение сотрудников;52;364;2020-03-06;2020-03-16
Разработка CRM;52;364;2020-04-10;2020-04-18
Разработка моб. приложения;52;364;2020-05-09;2020-05-24
Дизайн сайта;52;364;2020-06-03;2020-06-08
Обслуживание 1С;52;364;2020-07-04;2020-07-14
Обучение сотрудников;52;364;2020-08-07;2020-08-21
Обучение сотрудников;52;364;2020-09-06;2020-09-12
Модернизация wifi-сети;52;364;2020-10-10;2020-10-23
Ребрендинг;52;364;2020-11-05;2020-11-16
Запуск колцентра;52;364;2020-12-02;2020-12-15
Дизайн сайта;52;365;2020-01-05;2020-01-14
Разработка моб. приложения;52;365;2020-02-08;2020-02-14
Опрос покупателей;52;365;2020-03-10;2020-03-15
Аудит информационной безопасности;52;365;2020-04-08;2020-04-14
Обучение сотрудников;52;365;2020-05-09;2020-05-14
Обучение сотрудников;52;365;2020-06-10;2020-06-18
Запуск колцентра;52;365;2020-07-06;2020-07-17
Разработка CRM;52;365;2020-08-10;2020-08-16
Дизайн буклетов;52;365;2020-09-08;2020-09-18
Разработка моб. приложения;52;365;2020-10-04;2020-10-15
Опрос покупателей;52;365;2020-11-05;2020-11-18
Опрос покупателей;52;365;2020-12-08;2020-12-14
Разработка CRM;52;366;2020-01-04;2020-01-09
Модернизация wifi-сети;52;366;2020-02-08;2020-02-23
Разработка моб. приложения;52;366;2020-03-05;2020-03-13
Опрос покупателей;52;366;2020-04-06;2020-04-16
Дизайн сайта;52;366;2020-05-10;2020-05-20
Разработка моб. приложения;52;366;2020-06-09;2020-06-14
Опрос покупателей;52;366;2020-07-02;2020-07-07
Разработка моб. приложения;52;366;2020-08-05;2020-08-14
Обучение сотрудников;52;366;2020-09-07;2020-09-12
Запуск колцентра;52;366;2020-10-02;2020-10-13
Проведение исследований;52;366;2020-11-07;2020-11-13
Модернизация wifi-сети;52;366;2020-12-08;2020-12-16
Ребрендинг;52;367;2020-01-03;2020-01-14
Модернизация wifi-сети;52;367;2020-02-10;2020-02-23
Запуск колцентра;52;367;2020-03-05;2020-03-15
Ребрендинг;52;367;2020-04-04;2020-04-19
Дизайн сайта;52;367;2020-05-07;2020-05-19
Разработка моб. приложения;52;367;2020-06-03;2020-06-11
Разработка моб. приложения;52;367;2020-07-08;2020-07-21
Аудит информационной безопасности;52;367;2020-08-10;2020-08-16
Дизайн буклетов;52;367;2020-09-05;2020-09-20
Модернизация wifi-сети;52;367;2020-10-01;2020-10-06
Обслуживание 1С;52;367;2020-11-09;2020-11-20
Запуск колцентра;52;367;2020-12-09;2020-12-15
Дизайн буклетов;52;368;2020-01-02;2020-01-11
Обучение сотрудников;52;368;2020-02-03;2020-02-16
Запуск колцентра;52;368;2020-03-05;2020-03-20
Проведение исследований;52;368;2020-04-06;2020-04-17
Разработка моб. приложения;52;368;2020-05-05;2020-05-10
Разработка CRM;52;368;2020-06-07;2020-06-13
Ребрендинг;52;368;2020-07-01;2020-07-13
Ребрендинг;52;368;2020-08-07;2020-08-17
Обслуживание 1С;52;368;2020-09-04;2020-09-10
Запуск колцентра;52;368;2020-10-01;2020-10-11
Запуск колцентра;52;368;2020-11-07;2020-11-20
Разработка моб. приложения;52;368;2020-12-02;2020-12-10
Аудит информационной безопасности;52;369;2020-01-02;2020-01-16
Разработка моб. приложения;52;369;2020-02-08;2020-02-15
Дизайн буклетов;52;369;2020-03-01;2020-03-12
Обучение сотрудников;52;369;2020-04-05;2020-04-10
Обслуживание 1С;52;369;2020-05-10;2020-05-22
Разработка сайта;52;369;2020-06-04;2020-06-18
Дизайн буклетов;52;369;2020-07-08;2020-07-23
Дизайн сайта;52;369;2020-08-06;2020-08-12
Дизайн буклетов;52;369;2020-09-10;2020-09-16
Ребрендинг;52;369;2020-10-01;2020-10-15
Разработка CRM;52;369;2020-11-08;2020-11-16
Разработка моб. приложения;52;369;2020-12-01;2020-12-13
Проведение исследований;52;370;2020-01-04;2020-01-10
Разработка сайта;52;370;2020-02-06;2020-02-21
Разработка CRM;52;370;2020-03-10;2020-03-22
Обучение сотрудников;52;370;2020-04-03;2020-04-13
Модернизация wifi-сети;52;370;2020-05-04;2020-05-16
Дизайн буклетов;52;370;2020-06-07;2020-06-19
Обслуживание 1С;52;370;2020-07-07;2020-07-18
Проведение исследований;52;370;2020-08-05;2020-08-13
Опрос покупателей;52;370;2020-09-05;2020-09-11
Аудит информационной безопасности;52;370;2020-10-03;2020-10-18
Ребрендинг;52;370;2020-11-02;2020-11-11
Дизайн сайта;52;370;2020-12-04;2020-12-13
Дизайн сайта;53;371;2020-01-08;2020-01-15
Опрос покупателей;53;371;2020-02-07;2020-02-17
Разработка CRM;53;371;2020-03-04;2020-03-17
Обслуживание 1С;53;371;2020-04-06;2020-04-18
Разработка сайта;53;371;2020-05-10;2020-05-22
Разработка сайта;53;371;2020-06-05;2020-06-13
Обучение сотрудников;53;371;2020-07-10;2020-07-18
Ребрендинг;53;371;2020-08-09;2020-08-23
Дизайн буклетов;53;371;2020-09-09;2020-09-18
Обслуживание 1С;53;371;2020-10-08;2020-10-17
Модернизация wifi-сети;53;371;2020-11-05;2020-11-11
Ребрендинг;53;371;2020-12-07;2020-12-19
Разработка CRM;53;372;2020-01-02;2020-01-13
Дизайн сайта;53;372;2020-02-01;2020-02-14
Аудит информационной безопасности;53;372;2020-03-02;2020-03-15
Обслуживание 1С;53;372;2020-04-09;2020-04-24
Модернизация wifi-сети;53;372;2020-05-02;2020-05-08
Ребрендинг;53;372;2020-06-01;2020-06-15
Обучение сотрудников;53;372;2020-07-09;2020-07-15
Разработка моб. приложения;53;372;2020-08-08;2020-08-14
Разработка сайта;53;372;2020-09-01;2020-09-06
Разработка CRM;53;372;2020-10-04;2020-10-12
Опрос покупателей;53;372;2020-11-04;2020-11-10
Аудит информационной безопасности;53;372;2020-12-09;2020-12-15
Опрос покупателей;53;373;2020-01-05;2020-01-16
Опрос покупателей;53;373;2020-02-03;2020-02-14
Дизайн буклетов;53;373;2020-03-06;2020-03-16
Дизайн буклетов;53;373;2020-04-06;2020-04-19
Аудит информационной безопасности;53;373;2020-05-07;2020-05-21
Проведение исследований;53;373;2020-06-01;2020-06-07
Аудит информационной безопасности;53;373;2020-07-01;2020-07-09
Запуск колцентра;53;373;2020-08-03;2020-08-10
Обучение сотрудников;53;373;2020-09-03;2020-09-14
Ребрендинг;53;373;2020-10-04;2020-10-15
Обслуживание 1С;53;373;2020-11-01;2020-11-09
Разработка моб. приложения;53;373;2020-12-01;2020-12-14
Ребрендинг;53;374;2020-01-06;2020-01-19
Дизайн буклетов;53;374;2020-02-09;2020-02-20
Дизайн сайта;53;374;2020-03-01;2020-03-12
Обучение сотрудников;53;374;2020-04-07;2020-04-15
Ребрендинг;53;374;2020-05-01;2020-05-16
Разработка моб. приложения;53;374;2020-06-03;2020-06-13
Опрос покупателей;53;374;2020-07-04;2020-07-13
Обслуживание 1С;53;374;2020-08-10;2020-08-19
Разработка моб. приложения;53;374;2020-09-09;2020-09-16
Обслуживание 1С;53;374;2020-10-08;2020-10-21
Ребрендинг;53;374;2020-11-07;2020-11-16
Обучение сотрудников;53;374;2020-12-02;2020-12-08
Разработка моб. приложения;53;375;2020-01-01;2020-01-11
Проведение исследований;53;375;2020-02-02;2020-02-10
Опрос покупателей;53;375;2020-03-06;2020-03-12
Запуск колцентра;53;375;2020-04-05;2020-04-17
Разработка CRM;53;375;2020-05-02;2020-05-15
Аудит информационной безопасности;53;375;2020-06-01;2020-06-15
Проведение исследований;53;375;2020-07-08;2020-07-13
Аудит информационной безопасности;53;375;2020-08-06;2020-08-19
Обслуживание 1С;53;375;2020-09-03;2020-09-16
Запуск колцентра;53;375;2020-10-10;2020-10-20
Дизайн сайта;53;375;2020-11-06;2020-11-18
Опрос покупателей;53;375;2020-12-02;2020-12-07
Разработка CRM;53;376;2020-01-08;2020-01-15
Дизайн буклетов;53;376;2020-02-08;2020-02-23
Разработка моб. приложения;53;376;2020-03-09;2020-03-24
Разработка моб. приложения;53;376;2020-04-04;2020-04-19
Модернизация wifi-сети;53;376;2020-05-08;2020-05-15
Проведение исследований;53;376;2020-06-03;2020-06-09
Опрос покупателей;53;376;2020-07-05;2020-07-15
Обслуживание 1С;53;376;2020-08-01;2020-08-09
Обучение сотрудников;53;376;2020-09-03;2020-09-14
Разработка моб. приложения;53;376;2020-10-09;2020-10-17
Разработка сайта;53;376;2020-11-10;2020-11-19
Опрос покупателей;53;376;2020-12-09;2020-12-23
Ребрендинг;53;377;2020-01-03;2020-01-17
Запуск колцентра;53;377;2020-02-08;2020-02-17
Разработка моб. приложения;53;377;2020-03-03;2020-03-15
Запуск колцентра;53;377;2020-04-07;2020-04-18
Дизайн сайта;53;377;2020-05-02;2020-05-14
Аудит информационной безопасности;53;377;2020-06-07;2020-06-12
Дизайн буклетов;53;377;2020-07-07;2020-07-16
Запуск колцентра;53;377;2020-08-07;2020-08-15
Проведение исследований;53;377;2020-09-08;2020-09-20
Ребрендинг;53;377;2020-10-10;2020-10-24
Дизайн сайта;53;377;2020-11-05;2020-11-20
Разработка сайта;53;377;2020-12-09;2020-12-23
Дизайн буклетов;53;378;2020-01-01;2020-01-06
Дизайн буклетов;53;378;2020-02-06;2020-02-19
Обучение сотрудников;53;378;2020-03-03;2020-03-16
Разработка CRM;53;378;2020-04-07;2020-04-12
Аудит информационной безопасности;53;378;2020-05-05;2020-05-13
Опрос покупателей;53;378;2020-06-03;2020-06-13
Модернизация wifi-сети;53;378;2020-07-01;2020-07-12
Модернизация wifi-сети;53;378;2020-08-02;2020-08-15
Обслуживание 1С;53;378;2020-09-04;2020-09-09
Аудит информационной безопасности;53;378;2020-10-04;2020-10-19
Разработка моб. приложения;53;378;2020-11-04;2020-11-09
Разработка сайта;53;378;2020-12-07;2020-12-19
Модернизация wifi-сети;53;379;2020-01-01;2020-01-09
Разработка CRM;53;379;2020-02-09;2020-02-22
Проведение исследований;53;379;2020-03-08;2020-03-13
Дизайн сайта;53;379;2020-04-01;2020-04-10
Проведение исследований;53;379;2020-05-02;2020-05-11
Разработка CRM;53;379;2020-06-06;2020-06-17
Проведение исследований;53;379;2020-07-07;2020-07-17
Дизайн буклетов;53;379;2020-08-08;2020-08-18
Проведение исследований;53;379;2020-09-06;2020-09-13
Опрос покупателей;53;379;2020-10-06;2020-10-17
Проведение исследований;53;379;2020-11-02;2020-11-13
Дизайн сайта;53;379;2020-12-10;2020-12-24
Проведение исследований;53;380;2020-01-06;2020-01-20
Обучение сотрудников;53;380;2020-02-09;2020-02-20
Ребрендинг;53;380;2020-03-07;2020-03-19
Дизайн сайта;53;380;2020-04-08;2020-04-20
Разработка сайта;53;380;2020-05-06;2020-05-20
Обслуживание 1С;53;380;2020-06-02;2020-06-15
Дизайн сайта;53;380;2020-07-09;2020-07-14
Разработка сайта;53;380;2020-08-09;2020-08-16
Ребрендинг;53;380;2020-09-08;2020-09-15
Опрос покупателей;53;380;2020-10-09;2020-10-15
Разработка моб. приложения;53;380;2020-11-04;2020-11-16
Разработка CRM;53;380;2020-12-02;2020-12-10
Дизайн сайта;54;391;2020-01-07;2020-01-17
Дизайн сайта;54;391;2020-02-10;2020-02-25
Обучение сотрудников;54;391;2020-03-01;2020-03-06
Опрос покупателей;54;391;2020-04-01;2020-04-14
Опрос покупателей;54;391;2020-05-08;2020-05-19
Запуск колцентра;54;391;2020-06-02;2020-06-12
Ребрендинг;54;391;2020-07-10;2020-07-25
Проведение исследований;54;391;2020-08-03;2020-08-17
Запуск колцентра;54;391;2020-09-01;2020-09-09
Модернизация wifi-сети;54;391;2020-10-04;2020-10-14
Модернизация wifi-сети;54;391;2020-11-05;2020-11-12
Разработка моб. приложения;54;391;2020-12-06;2020-12-16
Проведение исследований;54;392;2020-01-03;2020-01-14
Запуск колцентра;54;392;2020-02-07;2020-02-15
Обслуживание 1С;54;392;2020-03-03;2020-03-17
Опрос покупателей;54;392;2020-04-03;2020-04-16
Разработка моб. приложения;54;392;2020-05-04;2020-05-18
Аудит информационной безопасности;54;392;2020-06-07;2020-06-22
Запуск колцентра;54;392;2020-07-08;2020-07-15
Запуск колцентра;54;392;2020-08-06;2020-08-11
Запуск колцентра;54;392;2020-09-07;2020-09-12
Ребрендинг;54;392;2020-10-07;2020-10-13
Дизайн сайта;54;392;2020-11-02;2020-11-17
Разработка сайта;54;392;2020-12-07;2020-12-19
Разработка сайта;54;393;2020-01-06;2020-01-12
Опрос покупателей;54;393;2020-02-05;2020-02-15
Опрос покупателей;54;393;2020-03-01;2020-03-13
Разработка сайта;54;393;2020-04-01;2020-04-06
Запуск колцентра;54;393;2020-05-02;2020-05-12
Обучение сотрудников;54;393;2020-06-08;2020-06-23
Аудит информационной безопасности;54;393;2020-07-03;2020-07-08
Обучение сотрудников;54;393;2020-08-10;2020-08-21
Разработка сайта;54;393;2020-09-05;2020-09-20
Разработка CRM;54;393;2020-10-07;2020-10-14
Обслуживание 1С;54;393;2020-11-06;2020-11-18
Опрос покупателей;54;393;2020-12-04;2020-12-16
Разработка моб. приложения;54;394;2020-01-08;2020-01-14
Разработка CRM;54;394;2020-02-06;2020-02-11
Разработка сайта;54;394;2020-03-06;2020-03-13
Разработка CRM;54;394;2020-04-02;2020-04-09
Обслуживание 1С;54;394;2020-05-10;2020-05-24
Дизайн буклетов;54;394;2020-06-01;2020-06-06
Проведение исследований;54;394;2020-07-09;2020-07-15
Разработка сайта;54;394;2020-08-02;2020-08-13
Разработка моб. приложения;54;394;2020-09-02;2020-09-11
Опрос покупателей;54;394;2020-10-03;2020-10-14
Ребрендинг;54;394;2020-11-02;2020-11-12
Разработка сайта;54;394;2020-12-06;2020-12-11
Разработка сайта;54;395;2020-01-01;2020-01-14
Запуск колцентра;54;395;2020-02-07;2020-02-18
Разработка CRM;54;395;2020-03-03;2020-03-10
Аудит информационной безопасности;54;395;2020-04-01;2020-04-07
Разработка CRM;54;395;2020-05-01;2020-05-08
Проведение исследований;54;395;2020-06-04;2020-06-12
Ребрендинг;54;395;2020-07-09;2020-07-17
Разработка сайта;54;395;2020-08-03;2020-08-17
Ребрендинг;54;395;2020-09-03;2020-09-10
Обслуживание 1С;54;395;2020-10-07;2020-10-13
Аудит информационной безопасности;54;395;2020-11-05;2020-11-12
Запуск колцентра;54;395;2020-12-06;2020-12-13
Запуск колцентра;54;396;2020-01-06;2020-01-21
Модернизация wifi-сети;54;396;2020-02-01;2020-02-12
Аудит информационной безопасности;54;396;2020-03-08;2020-03-19
Дизайн буклетов;54;396;2020-04-04;2020-04-16
Проведение исследований;54;396;2020-05-03;2020-05-08
Обучение сотрудников;54;396;2020-06-03;2020-06-09
Обслуживание 1С;54;396;2020-07-07;2020-07-15
Аудит информационной безопасности;54;396;2020-08-05;2020-08-11
Разработка сайта;54;396;2020-09-07;2020-09-19
Обслуживание 1С;54;396;2020-10-09;2020-10-24
Ребрендинг;54;396;2020-11-08;2020-11-20
Дизайн буклетов;54;396;2020-12-02;2020-12-13
Опрос покупателей;54;397;2020-01-06;2020-01-17
Ребрендинг;54;397;2020-02-02;2020-02-07
Запуск колцентра;54;397;2020-03-03;2020-03-10
Аудит информационной безопасности;54;397;2020-04-03;2020-04-09
Модернизация wifi-сети;54;397;2020-05-06;2020-05-21
Дизайн буклетов;54;397;2020-06-04;2020-06-11
Разработка моб. приложения;54;397;2020-07-08;2020-07-19
Разработка моб. приложения;54;397;2020-08-05;2020-08-11
Ребрендинг;54;397;2020-09-07;2020-09-21
Ребрендинг;54;397;2020-10-09;2020-10-23
Разработка сайта;54;397;2020-11-07;2020-11-15
Обслуживание 1С;54;397;2020-12-02;2020-12-12
Дизайн сайта;54;398;2020-01-06;2020-01-13
Обслуживание 1С;54;398;2020-02-06;2020-02-14
Разработка сайта;54;398;2020-03-08;2020-03-18
Обучение сотрудников;54;398;2020-04-01;2020-04-16
Опрос покупателей;54;398;2020-05-02;2020-05-11
Разработка сайта;54;398;2020-06-04;2020-06-09
Дизайн сайта;54;398;2020-07-08;2020-07-17
Запуск колцентра;54;398;2020-08-06;2020-08-14
Разработка сайта;54;398;2020-09-02;2020-09-15
Дизайн сайта;54;398;2020-10-09;2020-10-14
Запуск колцентра;54;398;2020-11-07;2020-11-13
Разработка CRM;54;398;2020-12-04;2020-12-10
Разработка CRM;54;399;2020-01-01;2020-01-09
Разработка CRM;54;399;2020-02-07;2020-02-19
Модернизация wifi-сети;54;399;2020-03-08;2020-03-22
Ребрендинг;54;399;2020-04-01;2020-04-13
Запуск колцентра;54;399;2020-05-09;2020-05-14
Проведение исследований;54;399;2020-06-03;2020-06-15
Дизайн сайта;54;399;2020-07-05;2020-07-17
Разработка CRM;54;399;2020-08-09;2020-08-14
Модернизация wifi-сети;54;399;2020-09-10;2020-09-18
Разработка моб. приложения;54;399;2020-10-08;2020-10-19
Запуск колцентра;54;399;2020-11-05;2020-11-12
Обучение сотрудников;54;399;2020-12-08;2020-12-19
Ребрендинг;54;400;2020-01-08;2020-01-13
Дизайн сайта;54;400;2020-02-03;2020-02-11
Дизайн сайта;54;400;2020-03-09;2020-03-14
Проведение исследований;54;400;2020-04-08;2020-04-22
Запуск колцентра;54;400;2020-05-04;2020-05-14
Аудит информационной безопасности;54;400;2020-06-09;2020-06-20
Дизайн буклетов;54;400;2020-07-01;2020-07-16
Ребрендинг;54;400;2020-08-04;2020-08-09
Обслуживание 1С;54;400;2020-09-07;2020-09-19
Запуск колцентра;54;400;2020-10-04;2020-10-13
Разработка CRM;54;400;2020-11-01;2020-11-06
Запуск колцентра;54;400;2020-12-04;2020-12-17
